{"cameraMode":{"drawMode":0,"name":"Shaded","section":"Shading Mode"},"sceneLighting":true,"audioPlay":false,"sceneViewState":{"showFog":true,"showMaterialUpdate":false,"showSkybox":true,"showFlares":true,"showImageEffects":true,"showParticleSystems":true},"in2DMode":false,"pivot":{"x":-366.2605895996094,"y":18.09632110595703,"z":-434.82611083984377},"rotation":{"x":-0.26452523469924929,"y":-0.08534324169158936,"z":0.02407190203666687,"w":-0.96042799949646},"size":6.8687334060668949,"orthographic":false}